Unit : US Dollar thousand,,,,,,,,,,,,,,,,,,,,
,,,,,,,,,,,,,,,,,,,,
Exporters,Imported value in 2003,Imported value in 2004,Imported value in 2005,Imported value in 2006,Imported value in 2007,Imported value in 2008,Imported value in 2009,Imported value in 2010,Imported value in 2011,Imported value in 2012,Imported value in 2013,Imported value in 2014,Imported value in 2015,Imported value in 2016,Imported value in 2017,Imported value in 2018,Imported value in 2019,Imported value in 2020,Imported value in 2021,Imported value in 2022
World,"412,759,796","561,228,748","659,952,762","791,460,868","956,115,448","1,132,562,200","1,005,555,200","1,396,001,600","1,743,394,900","1,818,199,200","1,949,992,300","1,959,234,625","1,681,670,816","1,588,695,867","1,840,957,060","2,134,987,265","2,066,513,429","2,057,021,048","2,675,680,064","2,715,998,754"
European Central Bank,"46,220,996","59,391,177","62,459,324","77,180,964","93,615,854","111,113,074","107,469,683","141,810,060","178,448,432","176,896,274","180,677,429","197,815,732","169,319,951","167,849,136","196,434,208","220,558,944","222,670,223","225,105,803","270,168,567","250,461,497"
"Taipei, Chinese","49,360,598","64,759,316","74,680,434","87,098,633","101,027,666","103,338,103","85,722,961","115,733,646","124,910,647","132,199,339","156,405,132","152,007,130","144,980,999","139,715,214","154,796,770","177,345,362","173,012,781","200,497,888","249,876,255","238,091,695"
"Korea, Republic of","43,128,054","62,234,102","76,820,404","89,724,142","103,751,686","112,137,921","102,551,712","138,339,223","162,716,843","168,728,402","183,072,918","190,108,773","174,563,830","159,168,781","177,523,904","204,566,451","173,559,029","173,100,171","213,445,080","199,667,118"
Japan,"74,148,125","94,326,727","100,407,681","115,672,581","133,950,504","150,600,041","130,937,525","176,736,084","194,567,856","177,832,336","162,245,573","162,920,512","143,092,949","145,771,152","165,494,647","180,401,786","171,768,696","174,655,179","205,523,715","184,496,995"
United States of America,"33,944,166","44,747,869","48,741,359","59,314,270","69,547,964","81,585,556","77,755,101","102,734,185","123,124,010","133,765,823","153,394,862","160,064,514","150,543,984","135,047,253","154,839,684","156,004,357","123,792,117","136,339,521","180,971,848","178,956,846"
Australia,"7,300,072","11,552,489","16,193,627","19,323,299","25,801,494","37,435,133","39,438,780","61,105,168","82,667,477","84,568,209","98,954,088","97,630,887","73,871,388","70,233,044","94,632,692","105,083,923","121,289,666","117,693,743","163,729,736","142,091,499"
China,"25,094,296","38,654,538","55,162,905","73,332,834","85,773,204","92,461,200","86,413,993","106,867,897","122,614,384","142,929,913","157,540,888","144,880,437","144,434,506","128,794,412","132,604,645","146,381,812","129,792,198","125,264,226","156,820,006","122,883,424"
Russian Federation,"9,728,068","12,127,411","15,889,943","17,554,327","19,688,579","23,832,762","21,282,952","25,913,994","40,362,600","44,138,279","39,667,828","41,593,505","33,216,612","32,131,140","41,351,921","58,887,066","61,190,632","57,114,667","78,142,344","114,148,971"
Malaysia,"13,986,408","18,174,737","20,093,205","23,572,434","28,723,283","32,101,396","32,330,691","50,430,150","62,136,640","58,304,935","60,153,184","55,652,243","53,257,648","49,118,293","53,961,162","63,321,954","71,909,977","75,174,351","98,192,537","109,878,980"
Brazil,"5,842,292","8,672,861","9,992,524","12,909,495","18,342,071","29,863,443","28,280,983","38,099,447","52,386,750","52,281,127","54,299,123","51,653,225","44,339,257","45,603,468","58,476,878","77,141,726","79,962,547","85,517,209","109,877,876","109,522,043"
Viet Nam,"1,456,708","2,481,989","2,552,838","2,486,076","3,226,281","4,336,317","4,746,740","6,984,262","11,116,531","16,229,125","16,891,893","19,906,398","25,127,731","37,216,721","50,374,166","64,087,360","64,116,675","78,473,072","92,315,967","87,960,626"
Saudi Arabia,"5,172,322","7,522,645","12,245,715","15,084,532","17,560,476","31,022,698","23,620,244","32,829,048","49,467,520","54,861,126","53,450,711","48,508,026","30,150,711","23,613,002","31,751,563","45,898,673","54,195,937","39,069,814","56,961,585","78,045,605"
Indonesia,"5,746,971","7,215,671","8,436,960","9,605,743","12,464,207","14,322,935","13,663,783","20,795,189","31,337,084","31,935,986","31,424,279","24,485,247","19,814,522","21,344,561","28,517,172","34,154,685","34,113,874","37,480,543","63,886,547","77,770,058"
Thailand,"8,826,842","11,540,505","13,991,887","17,962,428","22,665,748","25,656,737","24,896,942","33,193,365","39,039,796","38,551,206","38,522,681","38,331,928","37,221,138","38,686,369","41,805,850","44,918,670","46,161,651","48,139,504","61,818,243","56,517,649"
Switzerland,"2,692,214","3,636,716","3,890,301","4,268,222","5,868,268","7,384,708","6,949,483","17,108,296","27,287,232","22,884,176","56,191,550","40,541,086","41,205,072","40,072,262","33,014,622","38,706,199","27,402,268","17,494,678","38,068,596","49,907,977"
United Arab Emirates,"773,464","1,304,476","2,045,599","2,796,745","3,012,027","4,613,250","2,595,229","4,451,552","8,306,606","10,851,924","12,823,526","15,763,357","11,531,801","9,977,742","12,224,129","16,281,247","15,336,739","17,054,552","28,567,889","45,407,517"
Chile,"2,248,158","3,666,724","4,991,536","5,735,872","10,280,372","11,172,814","12,790,520","17,935,193","20,578,293","20,631,633","20,707,685","20,985,876","18,680,364","18,410,497","20,891,275","26,999,814","26,229,201","29,932,012","39,458,634","44,486,040"
Canada,"4,374,492","7,352,990","7,511,155","7,662,114","10,979,292","12,673,351","12,026,170","14,921,961","22,167,123","23,209,148","25,236,971","25,182,010","26,280,562","18,265,806","20,337,636","28,354,115","28,152,090","22,063,323","30,450,113","42,383,257"
Iraq,325,"320,250","415,680","653,273","765,797","1,381,664","3,298,111","6,275,191","10,443,634","12,655,773","17,984,764","20,761,239","12,670,542","10,646,475","13,788,755","22,466,146","23,927,336","19,303,765","26,647,233","39,384,745"
Oman,"1,985,754","4,278,487","4,138,913","6,129,474","6,722,949","11,626,847","5,409,904","9,779,204","14,876,688","16,974,957","21,040,613","23,795,856","15,061,979","11,966,072","13,170,395","18,821,414","19,650,155","15,659,425","28,587,514","36,239,772"
Singapore,"10,484,851","13,994,473","16,514,596","17,672,616","17,550,373","20,171,265","17,796,637","24,728,920","28,139,649","28,529,563","30,064,515","30,828,733","27,557,900","25,938,742","34,133,663","33,638,316","35,237,819","31,616,282","38,803,060","33,958,353"
South Africa,"1,839,993","2,960,203","3,443,052","4,085,358","6,618,094","9,234,973","8,693,253","14,896,422","32,095,190","44,653,737","48,388,425","44,568,130","30,225,916","22,555,964","24,833,903","27,240,322","25,948,856","20,824,538","32,973,970","32,543,295"
Kuwait,"513,253","764,059","1,020,502","1,924,000","2,290,623","5,038,815","3,500,921","6,708,788","9,175,205","10,467,165","9,586,638","10,004,964","7,483,125","6,362,441","8,930,633","15,359,441","13,447,475","10,734,989","17,755,281","26,509,941"
Peru,"760,008","1,522,896","2,277,994","2,907,850","4,337,890","4,492,113","4,323,889","6,368,186","7,864,277","8,454,698","8,408,062","8,140,872","8,180,720","9,438,108","13,095,544","15,213,113","15,195,599","14,735,456","24,184,656","24,111,029"
Angola,"2,205,935","4,717,339","6,581,829","10,933,295","12,888,665","22,382,524","14,675,831","22,815,049","24,922,180","33,561,897","31,972,669","31,106,015","15,997,249","13,874,376","20,385,916","25,652,016","23,837,402","14,757,730","20,908,231","23,245,987"
Philippines,"6,306,833","9,059,443","12,869,689","17,674,561","23,117,835","19,504,744","11,946,610","16,220,255","17,992,317","19,643,205","18,181,829","20,984,132","19,019,735","17,368,933","19,148,726","20,595,680","20,199,393","19,335,468","24,759,917","23,046,246"
Qatar,"293,078","334,259","472,719","561,981","588,003","1,311,626","1,376,154","2,455,837","4,694,309","7,278,103","8,463,353","8,336,728","4,615,094","4,005,599","6,386,681","9,091,343","8,713,108","8,305,086","13,210,132","22,557,802"
United Kingdom,"3,570,342","4,758,503","5,523,783","6,506,395","7,776,493","9,541,782","7,877,357","11,305,193","14,556,661","16,801,247","19,078,788","23,726,733","18,925,748","18,661,724","22,302,351","23,893,337","23,931,238","19,871,556","25,652,938","21,822,457"
India,"4,251,377","7,678,030","9,766,216","10,277,449","14,617,156","20,258,886","13,714,289","20,846,313","23,372,279","18,797,191","16,970,270","16,358,691","13,395,985","11,748,712","16,333,354","18,850,037","17,985,879","20,977,286","28,137,336","17,482,817"
Mexico,"1,676,741","2,139,840","2,225,295","2,607,103","3,265,310","3,690,255","3,881,899","6,875,188","9,377,587","9,161,025","10,238,486","11,173,418","10,082,750","10,293,721","11,749,246","14,054,302","14,334,538","16,217,413","19,142,586","17,429,580"
"Congo, Democratic Republic of the","26,242","99,585","175,772","368,550","460,176","1,583,860","1,136,448","2,505,716","3,161,988","3,527,095","2,745,655","2,811,558","2,664,738","2,083,052","3,242,693","5,682,945","4,429,185","7,083,727","11,671,200","16,780,865"
New Zealand,"1,023,584","1,413,218","1,325,995","1,314,431","1,538,199","1,892,346","2,477,073","3,763,103","4,980,969","5,810,232","8,253,214","9,505,522","6,583,272","7,142,060","9,337,196","11,079,793","12,557,981","12,076,042","16,155,340","15,976,171"
Kazakhstan,"1,719,980","2,286,271","2,909,355","3,607,273","6,431,909","7,727,828","6,255,600","11,108,591","15,349,866","14,675,447","16,050,838","9,741,822","5,840,304","4,793,614","6,342,399","8,529,554","7,864,755","8,598,922","10,262,825","14,819,247"
Myanmar,"169,520","206,940","274,395","252,650","378,140","647,549","646,122","966,087","1,679,873","1,298,226","2,856,867","15,601,279","5,301,349","4,153,067","4,529,452","4,718,842","4,793,015","5,068,977","6,845,051","11,493,541"
Turkmenistan,"4,096","13,889","19,084","16,012","50,141","28,440","38,491","1,044,519","4,693,173","8,673,382","8,893,257","9,516,158","7,827,598","5,563,294","6,575,125","8,119,370","867,841","772,845","509,152","10,313,559"
Mongolia,"283,950","461,068","541,028","1,147,483","1,351,649","1,525,607","1,338,679","2,549,854","3,700,776","3,944,214","3,509,547","5,102,087","3,780,384","3,610,183","5,097,219","6,341,575","6,334,357","5,124,562","6,897,317","9,337,269"
Sweden,"2,715,895","3,339,569","3,122,198","3,448,568","4,141,800","5,038,148","5,453,817","5,907,905","7,116,606","6,922,716","6,987,099","6,791,543","6,421,431","6,140,482","7,866,680","8,946,992","9,144,313","9,518,267","9,871,906","9,162,741"
Israel,"690,402","942,863","1,073,542","1,314,405","1,653,938","1,792,823","1,524,121","2,607,391","3,037,705","2,922,831","3,181,317","3,140,637","2,804,185","3,176,561","4,197,393","4,631,374","5,154,185","6,285,595","7,535,177","8,966,864"
Argentina,"2,729,076","3,254,874","3,799,210","3,700,185","6,334,230","9,361,350","4,306,017","6,804,128","6,256,572","6,560,806","6,085,768","5,246,944","5,714,331","5,121,535","4,733,007","3,518,716","7,390,979","6,814,457","7,132,137","8,593,470"
Norway,"865,382","1,397,798","1,143,960","1,250,356","1,614,859","2,147,995","3,059,495","3,230,463","3,621,479","3,067,639","3,467,985","4,467,693","4,147,507","3,217,490","3,127,513","3,418,446","3,909,964","7,367,839","10,761,967","7,974,773"
"Hong Kong, China","11,118,661","11,796,722","12,224,784","10,779,763","12,804,324","12,915,846","8,711,579","12,260,255","15,492,483","17,895,804","16,206,575","12,621,374","12,772,656","16,953,679","7,420,811","8,561,184","9,067,198","6,982,776","9,700,209","7,846,430"
Colombia,"60,459","175,507","205,154","263,817","1,095,796","1,125,408","974,821","2,103,363","2,394,851","3,156,664","3,620,271","7,598,890","3,538,720","2,510,099","3,902,252","5,902,312","6,408,278","4,336,016","5,614,109","7,042,164"
Ecuador,"39,725","92,217","42,718","87,202","141,191","849,022","763,157","507,159","579,890","938,410","775,263","1,064,512","1,239,115","939,684","1,123,352","1,989,541","3,642,230","4,320,756","5,459,574","6,800,248"
"Iran, Islamic Republic of","3,307,360","4,490,694","6,786,678","9,958,456","13,301,528","19,594,195","13,286,547","18,300,891","30,332,973","24,869,408","25,389,864","27,503,850","16,034,629","14,952,884","18,544,260","21,098,883","13,445,630","6,441,557","6,500,367","6,355,060"
Zambia,"47,882","171,105","252,062","270,356","394,862","522,498","1,272,464","2,578,407","2,775,940","2,686,560","3,047,866","3,060,749","1,815,019","2,189,915","3,071,929","4,132,385","3,264,542","3,506,044","4,385,251","5,751,936"
Denmark,"964,146","1,205,774","1,190,358","1,309,134","1,839,868","2,597,147","2,290,654","2,645,588","2,813,452","2,904,080","3,375,699","4,057,315","4,096,564","4,266,020","4,200,855","4,388,543","4,957,640","6,011,297","6,976,100","5,717,017"
Congo,"814,659","1,569,061","2,278,030","2,791,642","2,836,696","3,731,701","1,738,812","3,122,347","4,672,291","4,555,407","5,712,191","5,479,018","2,617,465","2,277,038","3,796,714","6,702,542","6,102,224","3,371,849","4,673,954","5,595,387"
Czech Republic,"297,219","442,243","371,779","516,703","830,799","1,002,704","1,131,849","1,727,987","2,318,996","2,406,877","2,614,923","2,986,689","2,781,969","2,947,342","3,693,173","4,406,186","4,628,211","5,133,531","6,053,562","5,419,432"
Poland,"359,158","487,270","557,320","667,121","1,112,248","1,394,432","1,504,764","1,696,613","2,047,976","1,997,766","2,231,797","2,934,739","2,744,035","2,532,429","3,349,340","3,646,181","3,941,495","4,320,382","5,541,768","5,059,645"
Hungary,"301,364","475,591","365,529","699,306","1,210,080","1,382,204","1,466,426","2,197,692","2,452,217","2,323,098","2,715,148","3,259,900","2,871,271","3,462,511","4,082,280","4,338,742","3,745,020","4,282,898","5,566,041","5,049,297"
Guinea,"10,452","14,795","3,002","12,281","92,357","25,303","6,240","54,997","15,567","10,995","84,092","41,345","26,709","649,479","1,549,831","2,246,148","2,456,090","2,438,851","2,792,446","4,529,563"
Türkiye,"532,672","591,381","621,744","765,952","1,293,801","1,962,933","1,745,485","3,164,059","3,123,228","3,511,810","4,486,234","3,705,396","2,959,585","2,775,455","3,772,268","3,762,714","3,496,820","3,731,027","5,049,493","4,520,330"
Uruguay,"75,750","110,301","173,326","270,000","341,761","623,955","733,762","1,151,841","1,413,379","1,911,220","2,466,419","2,629,094","2,410,638","1,949,320","2,649,883","2,558,705","2,967,714","2,367,323","3,623,471","4,457,471"
Ukraine,"1,246,065","1,044,609","784,801","437,169","665,634","1,194,017","2,172,540","2,163,583","3,264,665","3,031,234","3,272,867","3,483,544","3,549,959","2,475,717","2,326,171","2,635,776","4,509,009","8,001,752","9,841,410","4,355,197"
Gabon,"300,603","400,286","351,678","816,761","1,095,733","1,792,613","713,886","969,744","577,976","618,094","898,644","1,607,935","1,101,221","1,397,924","2,246,013","2,964,328","4,646,659","3,244,067","2,584,613","3,967,190"
Papua New Guinea,"231,108","243,856","309,464","391,849","468,392","515,208","357,725","777,486","815,220","642,259","797,690","1,403,233","1,885,263","1,617,946","2,064,033","2,819,084","3,023,933","2,270,896","2,988,268","3,853,501"
Pakistan,"574,936","594,749","833,169","1,007,214","1,104,226","1,006,800","1,260,256","1,730,949","2,118,460","3,140,394","3,196,840","2,753,870","2,477,066","1,906,332","1,830,041","2,179,816","1,806,126","2,124,874","3,584,866","3,413,278"
Lao People's Democratic Republic,"11,202","12,654","25,545","49,647","85,919","134,259","367,319","601,490","827,588","787,758","1,010,079","1,777,883","1,316,053","1,346,768","1,567,098","2,029,603","2,157,000","2,088,438","2,673,961","3,342,452"
Romania,"470,103","326,779","292,306","230,911","281,472","359,896","433,095","755,267","947,048","979,776","1,207,502","1,520,667","1,298,895","1,442,965","1,820,663","2,170,014","2,325,652","2,638,405","3,507,141","3,074,650"
"Libya, State of","40,946","416,758","941,719","1,693,946","1,547,495","2,588,993","3,173,884","4,515,615","2,063,575","6,375,902","2,038,928","726,370","949,536","370,966","1,356,945","4,742,280","4,816,497","827,065","3,271,548","2,933,438"
Ghana,"34,309","80,383","96,006","79,678","53,522","93,400","79,622","123,382","363,185","643,548","1,203,330","1,452,597","1,295,794","1,301,207","1,850,413","2,426,140","2,576,406","1,774,499","1,466,777","2,344,008"
Uzbekistan,"200,251","403,066","450,495","565,937","363,450","328,882","349,419","1,300,780","807,315","1,091,833","1,938,093","1,597,910","1,266,792","1,606,926","1,474,606","2,324,395","1,108,431","915,719","1,371,786","2,276,414"
Brunei Darussalam,"312,373","251,055","207,728","215,312","246,077","88,885","282,146","664,330","566,816","373,085","89,804","189,717","97,273","225,718","351,840","247,641","452,877","1,475,994","2,221,839","2,247,559"
Costa Rica,"560,900","641,290","922,082","1,747,274","2,306,640","2,270,521","2,646,447","3,106,845","3,844,030","5,270,200","4,758,054","4,186,269","826,155","696,909","790,806","776,351","722,559","668,609","815,491","2,008,903"
New Caledonia,"6,166","57,782","78,413","163,674","378,740","111,204","131,891","56,727","80,846","149,365","129,247","334,191","484,180","497,590","777,809","1,107,650","1,087,810","1,169,305","1,111,417","1,880,928"
Cambodia,"26,001","29,932","27,305","35,091","51,066","38,828","36,892","93,627","184,298","215,314","363,635","482,915","666,287","830,091","1,005,217","1,377,338","1,444,323","1,498,509","2,100,436","1,838,524"
Belarus,"96,721","153,954","490,442","428,773","612,588","497,824","529,594","476,097","599,466","663,130","580,512","738,277","1,010,510","435,117","515,322","570,989","914,860","888,693","1,090,693","1,804,433"
Nigeria,"71,659","463,216","526,879","277,747","537,080","508,381","896,526","1,071,622","1,583,680","1,273,793","1,546,603","2,656,039","1,237,368","908,837","1,623,769","1,858,994","2,656,375","2,485,363","3,034,655","1,599,363"
Equatorial Guinea,"411,887","996,650","1,437,834","2,537,592","1,697,283","2,267,872","1,055,071","598,657","1,672,947","1,822,803","2,469,918","3,217,190","1,165,362","632,269","1,466,410","2,131,556","1,723,064","1,182,549","1,215,142","1,516,384"
Area Nes,"12,014","37,501","19,156","43,944","59,425","58,494","37,007","1,389,056","6,041,988","6,266,514","4,650,448","1,546,529","1,282,840","1,328,603","1,396,751","520,905","3,617,863","2,123,362","2,151,737","1,468,663"
Serbia,0,0,0,"6,981","13,116","12,281","28,643","55,116","77,891","101,566","180,127","112,741","133,912","161,821","211,537","224,519","360,613","498,177","984,890","1,375,034"
Mozambique,"26,592","44,286","73,527","79,772","124,248","125,882","177,554","201,078","257,241","403,320","454,875","1,649,822","452,042","480,133","527,838","651,384","713,242","579,499","1,141,127","1,340,116"
Guyana,300,"1,175","7,569","17,682","18,105","17,359","10,747","17,280","14,528","26,057","21,129","40,221","49,373","28,249","38,383","43,083","45,987","308,865","319,908","1,302,762"
Zimbabwe,"167,080","141,178","157,918","139,093","142,769","148,214","140,850","246,058","464,055","584,427","687,839","835,714","766,420","727,602","872,842","890,333","973,925","872,724","960,121","1,298,454"
Bulgaria,"58,733","67,141","89,119","81,851","158,004","216,782","140,997","322,999","459,982","840,157","956,743","984,860","753,035","583,806","965,340","1,149,083","1,164,137","1,370,982","1,797,759","1,271,674"
Panama,"28,615","14,915","22,197","14,302","7,888","49,744","28,809","25,287","42,858","53,026","43,944","127,495","315,041","37,549","61,833","81,823","452,028","469,415","1,167,182","1,244,390"
Mauritania,"7,707","50,399","4,057","402,016","569,381","1,044,138","853,928","967,033","1,517,037","1,468,674","1,728,522","1,168,130","745,118","737,804","783,442","858,210","927,810","1,277,054","1,793,730","1,187,143"
Algeria,"99,217","259,078","363,733","143,122","1,160,932","849,219","946,620","1,177,317","1,960,887","2,311,906","2,164,547","1,314,682","781,572","333,205","448,196","1,178,824","1,141,251","997,056","1,080,771","1,143,561"
Chad,"2,838","222,586","191,083","260,313","84,069","41,604","65,367","495,797","265,319","220,729","103,500","108,342","90,692","104,770","279,556","93,922","452,751","421,471","196,798","1,085,584"
Egypt,"152,821","187,936","211,136","216,769","239,739","428,939","752,543","917,930","1,518,340","1,320,737","1,851,607","1,159,517","915,956","549,184","1,334,762","1,834,528","1,000,719","923,483","1,704,408","1,019,820"
Bangladesh,"33,393","57,007","78,603","98,835","114,171","131,910","140,722","268,876","449,036","479,727","602,366","761,108","803,718","861,864","870,833","985,405","1,036,534","799,755","1,046,911","981,507"
Côte d'Ivoire,"36,758","108,455","85,085","125,489","40,637","70,580","62,761","110,529","162,103","142,556","257,133","216,268","144,109","101,366","157,349","254,377","455,673","580,471","641,889","970,219"
Armenia,"1,782","2,156",351,"8,413","37,774","11,506","23,939","46,703","34,632","35,166","73,139","167,173","219,081","274,572","294,824","313,972","531,304","794,487","1,083,855","941,064"
Morocco,"160,972","214,082","277,448","359,406","423,892","461,059","375,014","452,322","475,628","558,416","531,428","518,504","528,613","549,114","644,184","711,068","633,347","595,611","824,651","909,513"
Sudan,"1,441,821","1,705,877","2,614,462","1,943,482","4,171,239","6,325,889","4,684,822","6,671,907","9,541,534","1,554,267","2,100,023","1,521,312","732,863","495,727","580,255","670,035","743,553","766,295","779,804","877,296"
"Bolivia, Plurinational State of","6,880","29,548","31,053","46,495","56,356","150,602","125,494","189,086","274,535","324,195","275,774","492,566","446,775","318,042","351,538","331,526","322,151","291,211","647,690","870,845"
"Venezuela, Bolivarian Republic of","542,159","737,943","1,234,120","2,637,956","3,052,881","6,567,059","4,340,905","6,698,878","11,731,210","14,539,106","13,120,097","11,320,054","6,888,273","5,499,079","7,201,764","7,334,029","4,860,335","534,238","997,793","833,464"
Trinidad and Tobago,"10,243","3,676","18,656","10,210","20,533","24,125","103,311","108,067","340,138","139,662","119,502","100,733","39,252","174,869","182,294","385,092","669,167","334,830","635,536","762,864"
Sierra Leone,0,"1,603","1,361",979,"5,705","5,317","10,541","10,770","28,003","502,909","1,452,659","1,678,696","169,780","236,445","348,479","177,191","193,895","158,492","403,420","762,396"
Jordan,"60,535","88,489","78,865","53,232","82,069","123,175","112,257","164,706","256,722","297,103","169,875","263,204","287,490","211,100","278,941","214,182","434,060","425,730","424,700","743,806"
Cameroon,"115,222","148,906","66,753","199,663","160,018","479,191","397,668","460,904","662,949","890,432","366,169","688,877","781,554","402,926","496,108","1,095,691","1,009,681","761,327","1,636,691","655,930"
Yemen,"1,545,851","1,458,548","2,667,691","2,232,552","1,745,290","3,209,873","1,237,511","2,779,081","3,135,702","3,604,053","3,061,301","2,932,854","891,450","166,014","661,147","717,550","866,625","674,019","470,813","633,257"
Madagascar,"6,956","14,081","13,997","23,810","29,662","65,172","54,822","105,382","103,389","114,443","173,906","118,076","174,754","159,083","225,586","214,707","204,362","138,652","331,900","625,026"
Namibia,"36,951","46,576","76,389","121,857","157,659","282,178","312,381","481,495","224,481","241,268","257,700","317,341","213,152","164,021","296,853","502,981","511,281","562,885","734,598","593,505"
Guatemala,"1,821","42,907","94,693","43,776","46,209","11,503","23,330","36,059","23,345","68,508","173,934","51,398","203,535","99,280","110,323","86,539","198,056","267,097","448,726","573,962"
"Tanzania, United Republic of","27,567","68,269","170,718","152,678","203,600","131,588","195,968","406,945","489,897","379,281","552,548","435,102","378,719","316,971","334,201","393,915","359,733","411,118","604,694","535,802"
Dominican Republic,"3,514","15,590","29,102","94,445","126,342","146,291","98,100","130,741","292,447","409,574","290,011","273,805","211,766","130,495","168,298","181,302","454,333","299,304","347,500","519,257"
Sri Lanka,"19,802","22,590","36,595","34,834","48,032","60,541","70,149","102,275","152,888","161,955","182,564","248,273","259,235","272,991","309,058","340,882","397,008","317,763","650,458","494,815"
Eritrea,0,511,408,708,"2,519","2,474",422,"1,054",871,"1,259","50,934","321,685","187,285","170,972","165,307","314,578","206,064","308,630","389,732","461,791"
Cuba,"120,507","194,943","236,955","528,313","1,115,463","903,057","574,439","764,609","904,045","569,203","504,634","333,015","330,656","273,747","395,879","479,985","492,711","470,010","446,931","457,959"
Ethiopia,"4,738","14,386","85,709","131,823","87,130","81,656","214,756","273,970","292,059","309,366","315,688","489,954","380,295","421,157","357,495","345,313","343,953","338,771","366,007","453,605"
Botswana,"2,176","2,861","4,004","8,166","26,435","183,913","65,287","53,366","100,668","119,479","193,858","213,879","142,933","62,156","33,262","14,230","17,134","87,486","172,616","398,377"
Tajikistan,"18,008","15,366","14,197","18,002","10,285","20,244","184,985","56,048","72,228","108,829","88,751","47,699","50,200","31,243","46,733","76,804","84,620","45,293","175,469","381,753"
Greenland,"22,171","20,578","29,339","30,040","37,995","36,456","44,260","54,548","47,937","57,448","72,135","64,522","90,070","101,198","133,378","231,912","273,715","259,990","238,238","367,082"
Niger,0,12,1,927,45,68,48,171,"2,105","37,163","15,875","79,123","141,037","125,814","99,456","171,113","223,868","224,696","369,379","317,709"
Solomon Islands,"32,638","57,952","96,603","124,862","182,338","214,986","178,105","287,054","348,807","377,698","404,521","473,834","460,958","376,200","556,734","631,846","461,119","355,240","320,645","301,530"
Senegal,"6,283","3,941","7,880","9,361","22,531","4,970","41,975","51,160","68,709","51,356","39,730","47,019","111,785","161,561","149,799","128,509","300,786","315,088","439,519","269,514"
Kenya,"8,736","16,969","17,652","24,416","28,112","34,723","29,662","39,208","59,691","52,408","52,783","77,039","98,662","97,101","166,791","174,200","178,907","150,595","226,537","269,340"
Benin,"68,398","111,273","139,393","89,383","113,159","110,162","93,782","125,632","176,475","261,538","206,007","266,631","78,132","55,316","91,574","48,324","154,357","58,248","231,569","257,036"
Tunisia,"17,045","34,131","44,088","50,533","30,318","90,308","107,524","124,900","219,462","176,976","176,729","211,920","184,519","138,711","196,993","194,965","209,105","222,718","282,724","254,570"
Bahrain,"52,130","92,396","68,940","64,815","102,446","131,317","211,237","251,912","325,836","348,345","305,181","183,964","111,579","63,635","123,886","150,437","195,330","146,309","399,514","251,211"
Azerbaijan,"34,669","40,209","24,401","22,019","1,442","114,864","128,317","86,547","193,720","214,162","233,583","297,063","226,373","412,075","577,445","382,090","869,232","698,780","205,027","245,870"
South Sudan,0,0,0,0,0,0,0,0,0,"499,465","2,468,344","4,329,242","2,322,967","1,455,878","1,269,079","1,588,452","1,533,203","683,242","299,413","236,972"
El Salvador,"2,056","3,786","10,499","3,891","4,728","5,948","3,472","7,505","6,377","7,365","8,988","10,472","53,907","45,777","114,364","164,703","113,313","171,781","218,853","233,421"
Togo,"22,114","46,472","31,874","21,599","26,105","30,900","36,373","61,619","76,599","84,811","117,944","166,441","214,942","105,320","73,167","145,762","180,437","164,200","532,878","192,294"
Iceland,"22,777","27,337","46,732","39,988","35,649","35,106","33,253","41,320","75,599","88,961","75,799","59,757","65,967","95,159","110,063","165,756","142,692","104,646","151,816","190,579"
Albania,58,"5,957","7,043","12,842","66,341","88,259","64,320","147,573","155,368","142,721","234,841","189,322","128,655","129,361","198,078","107,862","102,721","81,121","164,152","186,301"
"Macedonia, North","14,727","1,465","12,654","2,869","9,826","13,275","24,093","91,756","154,308","139,606","107,973","90,585","136,409","46,065","86,442","48,374","147,059","227,133","371,131","178,971"
Croatia,"6,809","21,904","43,831","55,033","67,625","67,836","74,856","50,890","79,531","74,514","104,266","100,663","112,094","161,383","181,791","212,017","144,981","137,590","339,903","158,667"
Georgia,"8,223","34,174","2,659","6,951","15,586","3,527","17,868","41,802","38,105","33,582","54,456","53,111","44,099","52,526","67,632","53,914","81,045","100,866","174,468","156,718"
Timor-Leste,0,0,1,"10,964",49,106,23,250,"1,743",688,397,100,725,290,"1,562","3,014","24,564","1,211","113,151","145,357"
"Korea, Democratic People's Republic of","395,345","585,661","499,141","467,764","583,836","760,413","793,026","1,194,537","2,475,460","2,502,531","2,927,497","2,867,931","2,506,690","2,576,499","1,674,235","213,208","215,240","47,948","57,855","133,678"
Bosnia and Herzegovina,639,780,"103,406","120,104","27,287","6,614","13,562","17,597","29,895","23,301","20,880","37,242","53,729","43,542","57,207","77,401","76,879","72,684","137,812","122,706"
Burkina Faso,"32,340","124,112","163,266","193,313","155,040","62,484","116,175","121,094","182,408","232,656","186,891","123,904","44,210","14,000","20,429","95,736","59,858","79,957","188,453","104,015"
Djibouti,149,514,536,384,"1,639","1,792",110,691,176,617,274,"1,685",898,132,12,204,"20,045","46,249","55,806","96,734"
Mali,"28,390","106,755","79,250","114,240","35,895","62,952","37,049","70,411","149,595","331,685","152,468","95,651","92,978","98,694","67,802","88,509","160,301","168,652","127,553","87,679"
"Moldova, Republic of","8,021",186,140,560,"1,406","2,614","3,258","6,712","12,829","18,625","18,586","24,793","21,514","24,356","33,916","38,426","46,808","60,473","104,686","84,884"
Paraguay,"12,739","58,289","58,549","53,669","19,676","25,323","27,454","45,615","44,493","47,842","60,671","55,625","41,938","22,321","32,964","40,251","16,347","13,912","54,332","84,613"
Kyrgyzstan,"69,141","109,546","105,050","112,916","113,693","121,328","48,450","72,069","98,121","89,021","62,350","55,424","56,787","71,229","86,992","54,359","66,041","34,801","79,732","81,661"
"Macao, China","185,543","215,879","264,539","257,039","280,381","305,849","246,056","123,550","162,269","279,177","387,121","212,408","185,752","138,923","102,956","64,078","67,078","63,137","81,623","79,362"
Rwanda,"7,117","16,026","11,532","21,888","23,634","29,579","25,698","38,674","78,129","71,465","108,450","91,891","43,362","33,139","28,850","39,959","35,007","38,209","28,723","70,478"
Lebanon,"4,682","9,704","4,189","8,600","18,621","13,274","8,977","27,275","25,950","20,327","45,579","25,387","17,378","17,596","22,930","49,081","26,007","31,798","47,905","64,027"
Uganda,"3,503","11,641","20,002","17,785","19,898","17,060","20,103","26,567","40,249","42,875","71,925","111,569","85,576","37,760","33,388","47,167","41,593","39,692","43,897","58,280"
Montenegro,0,0,0,0,"1,349","2,125",745,"3,064","12,056","21,458","16,143","53,560","24,414","32,617","66,472","42,190","43,312","57,384","11,332","47,206"
Suriname,"16,089",961,"7,318","3,948","3,057","3,659","11,909","13,232","15,900","23,353","28,089","52,672","50,841","29,068","26,221","53,027","53,513","61,103","41,860","45,813"
Gambia,"1,549",124,170,446,"8,688","3,164","6,640","14,998","54,101","84,713","77,978","37,932","55,784","89,705","99,023","20,062","71,444","29,902","44,601","44,142"
Fiji,"5,355","6,180","2,272","1,228","2,571",921,579,950,"1,217","22,161","59,376","52,881","21,448","17,150","17,493","25,310","14,418","23,539","55,506","43,364"
Afghanistan,612,947,"1,512",186,"2,376","2,693","1,376","3,680","4,403","5,187","9,595","17,372","11,996","4,489","3,255","24,109","29,279","54,512","49,527","42,016"
Nicaragua,365,"2,950","14,167",763,"3,390","3,466","3,255","7,119","24,356","115,850","91,822","43,369","34,824","17,827","28,317","105,735","45,554","18,958","25,064","36,026"
Mauritius,"3,126","6,654","8,277","7,326","5,025","5,705","6,026","10,099","9,687","10,713","12,868","14,200","15,421","19,662","21,866","37,457","38,881","26,488","35,737","31,628"
Honduras,"3,379","11,663","14,174","18,617","16,084","16,146","50,340","92,629","146,714","251,074","234,871","161,664","35,763","27,711","23,063","48,507","31,787","45,953","34,131","29,239"
Barbados,45,241,211,294,"1,131","1,418","2,233","3,808","6,708","10,443","12,688","14,802","18,830","18,629","24,759","21,274","20,263","15,162","15,246","26,552"
Central African Republic,"2,313","6,245","8,990","8,609","6,612","21,439","14,645","25,164","28,138","48,619","40,649","29,273","26,521","31,562","28,105","54,109","36,202","57,075","36,066","25,026"
Lesotho,1,1,331,"1,280","1,244","1,698","1,683","4,529","7,411","5,418","13,413","12,081","12,003","19,639","24,839","30,104","31,274","12,262","23,661","22,237"
Nepal,"5,350","8,231","8,495","8,285","14,790","5,976","5,290","11,416","13,865","29,520","43,250","47,067","22,988","19,449","15,580","21,992","33,538","16,154","26,508","21,774"
Liberia,"41,955","16,519","14,170","1,928","3,277","5,936","3,959","22,483","41,245","229,945","164,418","288,449","181,819","48,522","28,840","89,245","123,854","97,344","23,733","15,004"
Jamaica,"105,461","269,846","220,997","358,767","38,464","5,575","21,562","3,711","3,971","30,686","3,811","37,514","31,174","15,683","47,411","76,265","29,584","31,931","6,126","14,662"
Malawi,9,45,"2,068",986,759,"8,111","16,990","31,476","46,036","47,503","38,421","34,143","29,580","26,112","27,321","27,356","15,709","12,332","9,812","12,449"
Vanuatu,196,264,475,"1,052",402,433,"1,367",660,"2,394","2,418","2,244","6,915","14,054","4,982","14,238","15,734","14,574","7,937","11,830","10,815"
Burundi,"1,735",319,327,"1,746",674,121,969,"3,458","13,748","10,678","9,307","4,143","2,816","2,734","6,928","11,931","12,946","7,638","8,606","10,073"
Bahamas,781,695,188,68,"18,119",609,148,153,"62,901","116,885",77,188,"24,365","51,600","21,005","12,877","78,589","72,928","17,257","8,825"
Somalia,"6,624","7,811","3,074","3,065","1,723",189,550,"1,697","5,796","3,104","16,340","29,880","24,677","11,684","11,798","16,552","18,698","7,872","10,798","7,383"
French Polynesia,165,859,"1,068","1,696","1,436","2,978","2,747","1,099","5,296","8,038","4,252","5,726","2,672","6,589","6,052","7,036","6,817","4,154","4,338","3,446"
Bhutan,5,171,2,0,1,0,52,13,76,13,9,104,350,128,173,8,47,33,11,"2,854"
Haiti,20,260,272,"1,365","6,330","7,477","2,883","5,950","7,368","9,968","15,010","14,832","10,677","6,376","7,555","7,547","4,493","3,026","4,329","2,584"
Syrian Arab Republic,"26,361","28,014","17,739","50,664","8,272","9,865","10,017","40,288","26,155","10,915","4,705","2,128","3,479","3,255","1,315",869,"1,409","1,331","1,283","2,241"
Antigua and Barbuda,0,0,0,5,0,75,96,53,51,71,339,38,7,34,6,45,70,33,"2,689","1,049"
Samoa,357,975,41,12,297,"2,611","7,626",23,27,23,11,195,984,799,526,508,443,575,643,945
Cook Islands,78,81,"5,472","1,196","1,844","1,797",258,"1,154",738,"1,018","1,008","1,703","1,597","1,203","5,766","2,502","1,756","2,644","2,054",823
Eswatini,"14,533","14,633","23,181","24,822","19,332","11,280","15,108","2,504",344,"100,381","115,072","46,111",289,326,"3,252","27,460",766,484,"1,292",781
Belize,988,0,205,20,0,27,13,252,"2,902","7,787","8,385","7,272","1,786",933,412,256,151,438,45,711
Saint Kitts and Nevis,0,1,0,0,10,143,43,304,476,134,276,424,338,440,699,"1,189",363,424,671,645
America not elsewhere specified,0,27,0,"19,132",0,87,0,0,17,279,9,56,388,34,"3,069",32,365,337,391,588
Dominica,758,"1,753",946,"8,184","4,109","2,165","1,160","2,529",396,"1,146",109,566,654,935,708,119,477,599,"1,432",432
Africa not elsewhere specified,16,0,398,692,413,174,6,15,"4,609",206,45,11,682,15,899,27,9,32,297,353
Grenada,306,0,1,20,45,41,31,8,1,4,32,5,12,7,11,3,2,44,24,272
Aruba,25,60,137,0,114,225,146,142,35,"13,243",157,"184,284",6,377,5,34,48,89,6,208
Andorra,0,4,9,0,7,45,183,34,148,324,15,31,11,104,90,166,210,432,715,191
Marshall Islands,58,2,0,202,35,1,"11,870","5,241","16,542","23,381","77,754","43,328","25,008","20,084","18,269","33,886","44,686","7,679","2,750",175
Sao Tome and Principe,29,"1,338",0,0,0,17,4,10,2,43,2,0,33,18,0,50,14,47,133,150
Oceania Nes,132,26,72,35,125,14,21,43,7,325,278,195,567,0,3,567,855,394,336,148
Palau,0,0,0,5,1,60,0,32,5,28,14,62,5,38,0,120,59,7,85,127
Nauru,0,0,0,0,0,0,0,0,9,62,37,13,92,16,85,121,26,82,107,107
"Micronesia, Federated States of",0,0,19,73,321,10,"3,964","2,861","1,615","10,925","9,983","5,442","1,344","6,892","11,656","21,862","12,575","7,260","17,434",101
Turks and Caicos Islands,16,22,19,1,0,0,0,0,0,1,8,14,2,0,2,0,6,57,25,90
Comoros,1,0,1,1,2,0,2,24,7,6,8,9,22,13,37,28,32,117,114,78
Seychelles,33,28,10,598,"4,460","3,684",31,11,322,263,402,197,100,74,"1,471",25,69,38,13,70
British Virgin Islands,0,"2,670",2,2,111,560,201,31,26,7,88,9,8,8,105,26,348,267,128,59
Maldives,10,180,27,598,284,"1,417",128,48,136,186,418,380,193,231,566,"6,663","33,719","5,771","4,358",56
Saint Lucia,7,27,"32,707",26,115,50,180,123,288,120,27,33,69,38,54,59,188,59,133,53
Bermuda,0,0,3,0,18,4,4,0,3,0,0,11,2,73,7,84,11,4,20,45
Cabo Verde,0,0,0,0,0,0,0,12,12,1,0,3,23,83,5,290,29,"1,210","1,147",20
Gibraltar,0,0,0,6,0,13,0,2,23,3,"6,010",1,333,1,38,2,2,1,9,19
"Palestine, State of",234,74,229,208,152,249,747,363,"1,041",338,186,86,443,309,117,444,140,9,338,19
Curaçao,0,0,0,0,0,0,0,0,199,147,"1,461",26,296,96,49,141,14,18,13,19
Cayman Islands,0,0,0,116,5,0,7,316,90,123,264,1,1,17,3,121,82,13,106,14
Tuvalu,0,0,0,76,58,0,8,0,0,0,0,0,994,26,7,9,26,12,38,11
Montserrat,541,3,0,0,4,24,133,24,85,39,22,9,5,9,53,3,3,2,17,11
Europe Othr. Nes,0,0,0,0,0,0,0,0,0,0,0,0,0,0,0,171,329,226,110,9
Sint Maarten (Dutch part),0,0,0,0,0,0,0,0,0,0,0,0,0,0,0,1,6,81,3,4
Guinea-Bissau,0,29,0,0,173,"1,243","1,617","3,863","4,113","6,633","16,828","49,956","17,812",161,402,"7,639","8,402",5,1,3
Saint Vincent and the Grenadines,0,0,0,0,0,"26,199",104,22,24,2,0,0,49,62,63,233,1,9,2,3
Tonga,53,0,1,13,39,18,59,6,47,0,25,35,23,24,583,119,130,238,41,2
Western Sahara,0,0,0,0,0,0,0,0,18,0,7,7,0,0,0,4,0,0,0,1
Kiribati,0,0,21,0,1,0,4,5,90,173,456,"2,902","4,003","9,493",404,103,941,222,5,1
"Bonaire, Sint Eustatius and Saba",0,0,0,0,0,0,0,0,5,1,0,"47,145",0,0,0,0,0,1,0,0
Norfolk Island,9,0,0,0,0,58,0,7,0,0,0,0,0,3,1,11,0,6,0,0
Saint Pierre and Miquelon,0,0,0,0,0,0,1,69,0,0,4,0,0,0,32,0,2,1,0,0
Wallis and Futuna Islands,0,0,53,0,0,0,0,0,0,0,13,13,0,0,0,4,0,1,15,0
Faroe Islands,0,0,0,"4,327","6,881","8,259","6,684","13,938","27,130","49,532","74,571","105,027",0,0,0,0,0,0,,
LAIA not elsewhere specified,0,0,0,0,0,192,0,0,0,3,776,"1,060",0,0,0,0,0,0,,
Serbia and Montenegro,"13,931","12,559","21,414",0,0,0,0,0,0,0,0,0,0,0,0,0,0,0,,
Mayotte,0,0,0,0,0,0,1,4,0,112,1,0,0,0,0,0,0,0,,
Netherlands Antilles,571,556,"1,040",169,0,252,1,25,0,0,0,0,0,0,0,0,0,0,,